"","multinomial","chisq","homoplasy","meanbrsup","CIbrsup","delta","trlen"
"birds",0.874458874458874,0.614718614718615,0.904761904761905,0.350649350649351,0.935064935064935,0.787878787878788,0
"turtles",0.00545989080218396,0.0688786224275515,0.154136917261655,0.138177236455271,0.0415791684166317,0.0235195296094078,0.000419991600167997
"mammals",0.145833333333333,0.864583333333333,0.614583333333333,0,0.0520833333333333,0.0416666666666667,0
